Book Id,Title,Author,Author l-f,Additional Authors,ISBN,ISBN13,My Rating,Average Rating,Publisher,Binding,Number of Pages,Year Published,Original Publication Year,Date Read,Date Added,Bookshelves,Bookshelves with positions,Exclusive Shelf,My Review,Spoiler,Private Notes,Read Count,Recommended For,Recommended By,Owned Copies,Original Purchase Date,Original Purchase Location,Condition,Condition Description,BCID,read_dates,genres,image_url
5129,Brave New World,Aldous Huxley,"Huxley, Aldous",,"=""0060929871""","=""9780060929879""",4,3.98,HarperPerennial / Perennial Classics,Paperback,288,1998,1932,2019/07/05,2019/02/02,,,read,Interesting thought experiment about optimizations for happiness.,,,1,,,0,,,,,,"2019-07-02,2019-07-05","Classics|16371;Fiction|11502;Science Fiction|8412;Science Fiction,Dystopia|5404",https://i.gr-assets.com/images/S/compressed.photo.goodreads.com/books/1523061131i/5129._SX98_.jpg
17332218,"Words of Radiance (The Stormlight Archive, #2)",Brandon Sanderson,"Sanderson, Brandon",,"=""0765326361""","=""9780765326362""",4,4.76,Tor Books,Hardcover,1087,2014,2014,2019/07/02,2019/06/23,,,read,Another exciting installment.,,,1,,,0,,,,,,"2019-06-23,2019-07-02","Fantasy|7334;Fiction|754;Fantasy,Epic Fantasy|654;Fantasy,High Fantasy|376",https://i.gr-assets.com/images/S/compressed.photo.goodreads.com/books/1507307927i/17332218._SX98_.jpg
19488206,"Braiding Sweetgrass: Indigenous Wisdom, Scientific Knowledge and the Teachings of Plants",Robin Wall Kimmerer,"Kimmerer, Robin Wall",,"=""""","=""""",3,4.61,Milkweed Editions,Kindle Edition,410,2013,2013,2019/06/23,2018/09/08,,,read,"A fresh and necessary voice: botanist, mother, and indigenous person weaves together a new perspective on how we can care for the Earth.",,,1,,,0,,,,,,"2019-06-10,2019-06-23","Nonfiction|346;Environment,Nature|178;Science|140;Environment|59;Spirituality|49",https://s.gr-assets.com/assets/nophoto/book/111x148-bcc042a9c91a29c1d680899eff700a03.png
4381,Fahrenheit 451,Ray Bradbury,"Bradbury, Ray",Alfredo Crespo,"=""0307347974""","=""9780307347978""",4,3.98,DeBolsillo,Mass Market Paperback,175,2004,1953,2019/06/21,2019/02/02,,,read,"Insightful distopian novel that's not overbearing, but revels in the power of ideas.",,,1,,,0,,,,,,"2019-06-20,2019-06-21","Classics|19449;Fiction|12000;Science Fiction|9782;Science Fiction,Dystopia|5361;Literature|1414;Academic,School|1408;Novels|1057;Fantasy|924;Science Fiction Fantasy|742;Adult|686",https://i.gr-assets.com/images/S/compressed.photo.goodreads.com/books/1351643740i/4381._SX98_.jpg
41817486,A Clockwork Orange,Anthony Burgess,"Burgess, Anthony",,"=""0393341763""","=""9780393341768""",4,3.99,W. W. Norton  Company,Paperback,240,2019,1962,2019/06/18,2019/06/11,,,read,"A novel that does all that could be asked of it, but with a fun dialect",,,1,,,0,,,,,,"2019-06-11,2019-06-18","Classics|7032;Fiction|5902;Science Fiction|2490;Science Fiction,Dystopia|1993",https://i.gr-assets.com/images/S/compressed.photo.goodreads.com/books/1549260060i/41817486._SX98_.jpg
7235533,"The Way of Kings (The Stormlight Archive, #1)",Brandon Sanderson,"Sanderson, Brandon",,"=""0765326353""","=""9780765326355""",4,4.65,Tor Books,Hardcover,1007,2010,2010,2019/06/11,2018/04/10,fantasy,fantasy (#4),read,Immediately immersive world of epic proportion.,,,1,,,0,,,,,,"2019-06-10,2019-06-11","Fantasy|12246;Fiction|1266;Fantasy,Epic Fantasy|1009;Fantasy,High Fantasy|593",https://i.gr-assets.com/images/S/compressed.photo.goodreads.com/books/1388184640i/7235533._SX98_.jpg
229733,The White Guard,Mikhail Bulgakov,"Bulgakov, Mikhail",Michael Glenny,"=""0099490668""","=""9780099490661""",4,4.04,Vintage Books,Paperback,304,2006,1925,2019/06/10,2019/05/20,,,read,An enthralling historical fiction,,,1,,,0,,,,,,"2019-05-20,2019-06-09","Fiction|193;Cultural,Russia|187;Classics|140;Literature,Russian Literature|117;Historical,Historical Fiction|72",https://i.gr-assets.com/images/S/compressed.photo.goodreads.com/books/1330427738i/229733._SX98_.jpg
38502098,A People's History of Computing in the United States,Joy Lisi Rankin,"Rankin, Joy Lisi",,"=""0674970977""","=""9780674970977""",2,3.51,Harvard University Press,Hardcover,336,2018,,2019/05/31,2019/03/19,,,read,A social perspective on computing. Neat to hear about the communities that grew around computing.,,,1,,,0,,,,,,"2019-05-23,2019-05-31","History|8;Nonfiction|8;Science,Technology|5;United States|2",https://i.gr-assets.com/images/S/compressed.photo.goodreads.com/books/1524448001i/38502098._SX98_.jpg
4191136,Business Adventures,John Brooks,"Brooks, John",,"=""0575003499""","=""9780575003491""",2,3.80,Littlehampton Book Services Ltd,,408,,1969,2019/05/23,2019/04/12,,,read,An interesting insight into a field I hadn't given much thought.,,,1,,,0,,,,,,"2019-05-15,2019-05-23","Business|930;Nonfiction|286;Economics,Finance|102;Economics|73;Buisness|55",https://i.gr-assets.com/images/S/compressed.photo.goodreads.com/books/1405094011i/4191136._SX98_.jpg
12543,Bird by Bird: Some Instructions on Writing and Life,Anne Lamott,"Lamott, Anne",,"=""0385480016""","=""9780385480017""",3,4.24,Anchor,Paperback,237,1995,1994,2019/05/18,2018/12/31,,,read,A refreshing portrayal of writing,,,1,,,0,,,,,,"2019-05-16,2019-05-18","Language,Writing|3454;Nonfiction|2404;Autobiography,Memoir|476",https://i.gr-assets.com/images/S/compressed.photo.goodreads.com/books/1394996112i/12543._SX98_.jpg
35133922,Educated,Tara Westover,"Westover, Tara",,"=""0399590501""","=""9780399590504""",4,4.49,Random House,Hardcover,352,2018,2018,2019/05/15,2018/12/03,,,read,An emotionally complex and revealing account of life among religious fervor and possible mental illness.,,,1,,,0,,,,,,"2019-05-10,2019-05-15","Nonfiction|5289;Autobiography,Memoir|4215;Biography|1448",https://i.gr-assets.com/images/S/compressed.photo.goodreads.com/books/1506026635i/35133922._SX98_.jpg
35068671,The Perfectionists: How Precision Engineers Created the Modern World,Simon Winchester,"Winchester, Simon",,"=""0062652575""","=""9780062652577""",3,4.12,Harper,ebook,416,2018,2018,2019/05/10,2018/06/18,"sociology, entertaining-history, audio","sociology (#3), entertaining-history (#2), audio (#24)",read,Another insightful history of technology,,,1,,,0,,,,,,"2019-05-06,2019-05-10","History|127;Science|102;Nonfiction|97;Science,Technology|31;Audiobook|15",https://i.gr-assets.com/images/S/compressed.photo.goodreads.com/books/1516546714i/35068671._SX98_.jpg
31752980,The Physics of Everyday Things: The Extraordinary Science Behind an Ordinary Day,James Kakalios,"Kakalios, James",,"=""0770437737""","=""9780770437732""",3,3.25,Crown Publishing Group (NY),Hardcover,256,2017,2017,2019/05/06,2018/04/13,"tech, science, audio","tech (#27), science (#1), audio (#23)",read,A neat literature experiment with a fun overview of modern technology.,,,1,,,0,,,,,,"2019-05-01,2019-05-06","Science|68;Nonfiction|58;Science,Physics|13",https://i.gr-assets.com/images/S/compressed.photo.goodreads.com/books/1483408722i/31752980._SX98_.jpg
29939230,"A Conjuring of Light (Shades of Magic, #3)",V.E. Schwab,"Schwab, V.E.",,"=""0765387468""","=""9780765387462""",4,4.39,Tor Books,Hardcover,624,2017,2017,2019/04/26,2019/04/22,audio,audio (#25),read,A rousing conclusion that takes its time.,,,1,,,0,,,,,,"2019-04-22,2019-04-26","Fantasy|4703;Young Adult|552;Fiction|542;Fantasy,Magic|490",https://i.gr-assets.com/images/S/compressed.photo.goodreads.com/books/1464017758i/29939230._SX98_.jpg
25852784,Evicted: Poverty and Profit in the American City,Matthew Desmond,"Desmond, Matthew",,"=""0553447432""","=""9780553447439""",4,4.48,Crown,Hardcover,418,2016,2016,2019/05/01,2017/12/09,"sociology, audio","sociology (#1), audio (#22)",read,Jarring and extremely relavant,,,1,,,0,,,,,,"2019-04-26,2019-05-01","Nonfiction|2474;Sociology|496;Politics|390;Social Movements,Social Justice|243;History|233",https://i.gr-assets.com/images/S/compressed.photo.goodreads.com/books/1453060710i/25852784._SX98_.jpg
5306,Travels with Charley: In Search of America,John Steinbeck,"Steinbeck, John",,"=""0142000701""","=""9780142000700""",4,4.08,Penguin,Paperback,214,2002,1962,2018/07/24,2018/07/10,audio,audio (#21),read,,,,1,,,0,,,,,,"2018-07-10,2018-07-24","Nonfiction|1223;Travel|1175;Classics|852;Autobiography,Memoir|499;Biography|205;Literature|138;Biography Memoir|100;Literature,American|97;Adventure|85;History|77",https://s.gr-assets.com/assets/nophoto/book/111x148-bcc042a9c91a29c1d680899eff700a03.png
7054123,The Poisoner's Handbook: Murder and the Birth of Forensic Medicine in Jazz Age New York,Deborah Blum,"Blum, Deborah",,"=""1594202435""","=""9781594202438""",3,4.00,Penguin Press,Hardcover,319,2010,2010,2018/04/13,2017/08/23,audio,audio (#15),read,,,,1,,,0,,,,,,"2018-04-13,2018-04-13","Nonfiction|1539;History|998;Science|888;Crime,True Crime|439;Mystery,Crime|234;Historical|116",https://s.gr-assets.com/assets/nophoto/book/111x148-bcc042a9c91a29c1d680899eff700a03.png
9791,A Walk in the Woods: Rediscovering America on the Appalachian Trail,Bill Bryson,"Bryson, Bill",,"=""0307279464""","=""9780307279460""",2,4.06,Anchor Books,Mass Market Paperback,397,2006,1997,2018/02/26,2018/02/20,audio,audio (#18),read,,,,1,,,0,,,,,,"2018-02-20,2018-02-26","Nonfiction|5365;Travel|3598;Humor|1448;Autobiography,Memoir|1314;Environment,Nature|712;Adventure|566",https://s.gr-assets.com/assets/nophoto/book/111x148-bcc042a9c91a29c1d680899eff700a03.png
43641,Water for Elephants,Sara Gruen,"Gruen, Sara",,"=""1565125606""","=""9781565125605""",4,4.08,Algonquin Books,Paperback,335,2007,2006,2018/03/21,2018/03/19,audio,audio (#19),read,,,,1,,,0,,,,,,"2018-03-19,2018-03-21","Fiction|9236;Historical,Historical Fiction|5204;Romance|2711;Historical|1135",https://i.gr-assets.com/images/S/compressed.photo.goodreads.com/books/1494428973i/43641._SX98_.jpg
34273236,Little Fires Everywhere,Celeste Ng,"Ng, Celeste",,"=""0735224293""","=""9780735224292""",4,4.12,Penguin Press,Hardcover,338,2017,2017,2018/08/15,2017/10/16,"novel, audio","novel (#12), audio (#16)",read,"This was really something special, the backstories given so generously and frequently about even the slightest of side characters added a depth and understanding unparalleled.",,,1,,,0,,,,,,"2018-07-28,2018-08-15",Fiction|5098;Contemporary|1486;Audiobook|701,https://i.gr-assets.com/images/S/compressed.photo.goodreads.com/books/1522684533i/34273236._SX98_.jpg
24817626,"Go Set a Watchman (To Kill a Mockingbird, #2)",Harper Lee,"Lee, Harper",,"=""0062409859""","=""9780062409850""",3,3.31,HarperCollins,Hardcover,278,2015,2015,2018/06/02,2018/06/02,audio,audio (#20),read,,,,1,,,0,,,,,,"2018-06-02,2018-06-02","Fiction|3984;Historical,Historical Fiction|1580;Classics|1311",https://i.gr-assets.com/images/S/compressed.photo.goodreads.com/books/1451442088i/24817626._SX98_.jpg
412732,The Dharma Bums,Jack Kerouac,"Kerouac, Jack",,"=""""","=""""",3,3.92,Penguin Books,Paperback,244,1986,1958,2018/02/20,2018/02/20,audio,audio (#17),read,,,,1,,,0,,,,,,"2018-02-20,2018-02-20",Fiction|1333;Classics|501;Literature|206;Novels|138,https://i.gr-assets.com/images/S/compressed.photo.goodreads.com/books/1428986082i/412732._SX98_.jpg
20764879,"A Gathering of Shadows (Shades of Magic, #2)",V.E. Schwab,"Schwab, V.E.",Victoria Schwab,"=""0765376474""","=""9780765376473""",3,4.31,Tor Books,Hardcover,512,2016,2016,2019/04/22,2019/04/17,audio,audio (#14),read,"Exciting, but a lot of build up",,,1,,,0,,,,,,"2019-04-17,2019-04-22","Fantasy|6094;Young Adult|787;Fiction|724;Fantasy,Magic|681",https://i.gr-assets.com/images/S/compressed.photo.goodreads.com/books/1429627728i/20764879._SX98_.jpg
41078131,American Wolf,Nate Blakeslee,"Blakeslee, Nate",,"=""1101902809""","=""9781101902806""",4,4.39,Broadway Books,Paperback,320,2018,2017,2019/04/05,2019/04/02,audio,audio (#12),read,"A relavatory account of wolf reintroduction, told from many perspectives.",,,1,,,0,,,,,,"2019-04-02,2019-04-05","Nonfiction|365;Environment,Nature|106;Science|97;Animals|97;History|52",https://i.gr-assets.com/images/S/compressed.photo.goodreads.com/books/1533821257i/41078131._SX98_.jpg
34684622,Leonardo da Vinci,Walter Isaacson,"Isaacson, Walter",,"=""1501139150""","=""9781501139154""",4,4.19,Simon & Schuster,Hardcover,600,2017,2017,2019/04/17,2019/04/08,audio,audio (#13),read,An insightful portrait into a man who did much more than just paint. I learned about this curious man who was centuries ahead of his time.,,,1,,,0,,,,,,"2019-04-11,2019-04-16",Biography|1410;Nonfiction|832;History|715;Art|314;Science|189,https://i.gr-assets.com/images/S/compressed.photo.goodreads.com/books/1523543570i/34684622._SX98_.jpg
18114322,The Grapes of Wrath,John Steinbeck,"Steinbeck, John",,"=""067001690X""","=""9780670016907""",4,3.95,Viking,Hardcover,479,2014,1939,2019/02/28,2019/02/22,audio,audio (#11),read,An insightful and emotional journey,,,1,,,0,,,,,,"2019-02-22,2019-02-28","Classics|12701;Fiction|6861;Historical,Historical Fiction|2142;Literature|1217",https://i.gr-assets.com/images/S/compressed.photo.goodreads.com/books/1375670575i/18114322._SY160_.jpg
38501,Ham on Rye,Charles Bukowski,"Bukowski, Charles",,"=""006117758X""","=""9780061177583""",3,4.14,Ecco,Paperback,288,2014,1982,2018/10/04,2018/09/25,audio,audio (#9),read,,,,1,,,0,,,,,,"2018-09-25,2018-10-04","Fiction|1102;Classics|332;Novels|175;Literature|148;Literature,American|113",https://i.gr-assets.com/images/S/compressed.photo.goodreads.com/books/1388195001i/38501._SX98_.jpg
22055262,"A Darker Shade of Magic (Shades of Magic, #1)",V.E. Schwab,"Schwab, V.E.",Victoria Schwab,"=""0765376458""","=""9780765376459""",3,4.09,Tor Books,Hardcover,413,2015,2015,2019/04/02,2018/04/14,"fantasy, audio","fantasy (#3), audio (#8)",read,Exciting adventure in a 1 dimensional world. The constraint of staying in 1 city among 3 worlds echoed the limitations imposed on the plot.,,,1,,,0,,,,,,"2019-03-30,2019-04-02","Fantasy|12294;Young Adult|1832;Fiction|1658;Fantasy,Magic|1288",https://i.gr-assets.com/images/S/compressed.photo.goodreads.com/books/1400322851i/22055262._SX98_.jpg
494,Wizard: The Life and Times of Nikola Tesla: Biography of a Genius,Marc J.  Seifer,"Seifer, Marc J.",William H. Terbo,"=""0806519606""","=""9780806519609""",2,3.77,Citadel,Paperback,542,2001,1996,2019/03/15,2018/12/21,audio,audio (#10),read,"A well researched and written insight into an astounding man, just wasn't compelling for me.",,,1,,,0,,,,,,"2019-03-06,2019-03-15","Biography|282;Nonfiction|171;Science|157;History|131;Audiobook|39;Biography Memoir|23;Science,Physics|13;Science,Technology|8;Literature,American|5;Unfinished|5",https://i.gr-assets.com/images/S/compressed.photo.goodreads.com/books/1338217663i/494._SX98_.jpg
21856367,"The Innovators: How a Group of  Hackers, Geniuses and Geeks Created the Digital Revolution",Walter Isaacson,"Isaacson, Walter",,"=""147670869X""","=""9781476708690""",4,4.09,Simon and Schuster,Hardcover,528,2014,2014,2019/03/30,2018/02/18,"sociology, self-help, entertaining-history, audio","sociology (#6), self-help (#10), entertaining-history (#15), audio (#7)",read,"A thorough overview of the progression of computational innovation, bringing each story and person alive.",,,1,,,0,,,,,,"2019-03-26,2019-03-30","Nonfiction|751;History|581;Business|400;Biography|380;Science,Technology|285;Science|217",https://i.gr-assets.com/images/S/compressed.photo.goodreads.com/books/1410191571i/21856367._SX98_.jpg
350,Stranger in a Strange Land,Robert A. Heinlein,"Heinlein, Robert A.",,"=""0441788386""","=""9780441788385""",2,3.91,Ace,Paperback,528,1991,1961,2019/04/11,2017/12/10,"scifi, audio","scifi (#4), audio (#4)",read,"Definitely a product if its time. Reminded me of Ishmael a bit, in that it allowed the author to espouse philosophy through the two main characters. Wandered a lot.",,,1,,,0,,,,,,"2019-04-05,2019-04-11",Science Fiction|5277;Fiction|2459;Classics|1055;Science Fiction Fantasy|546,https://i.gr-assets.com/images/S/compressed.photo.goodreads.com/books/1156897088i/350._SX98_.jpg
16158542,The Boys in the Boat: Nine Americans and Their Epic Quest for Gold at the 1936 Berlin Olympics,Daniel James Brown,"Brown, Daniel James",,"=""067002581X""","=""9780670025817""",5,4.35,Viking,Hardcover,416,2013,2013,2018/11/17,2018/02/10,"entertaining-history, audio","entertaining-history (#5), audio (#5)",read,"A deep dive into an occult sport during an iconic era, exploring the lives of great men and the challenges they conquered while working together to reach the best they could attain.",,,1,,,0,,,,,,"2018-10-26,2018-11-17","Nonfiction|2990;History|1735;Sports and Games,Sports|713;Biography|677",https://i.gr-assets.com/images/S/compressed.photo.goodreads.com/books/1354683116i/16158542._SX98_.jpg
1842,"Guns, Germs, and Steel: The Fates of Human Societies",Jared Diamond,"Diamond, Jared",,"=""0739467352""","=""9780739467350""",3,4.02,W.W. Norton & Company,Paperback,425,2005,1997,2019/03/24,2017/09/10,"psychology, sociology, entertaining-history, audio","psychology (#36), sociology (#15), entertaining-history (#12), audio (#3)",read,A relevant review of anthropology and a defense of the argument that environment was the sole cause of cultural success throughout history. I felt that if I had read it many years ago it might have had a larger effect on me. These ideas have already entered the cultural zeitgeist though..,,,1,,,0,,,,,,"2019-03-22,2019-03-24",History|7484;Nonfiction|6539;Science|2292;Anthropology|952,https://i.gr-assets.com/images/S/compressed.photo.goodreads.com/books/1453215833i/1842._SX98_.jpg
30547646,Why Time Flies: A Mostly Scientific Investigation,Alan Burdick,"Burdick, Alan",,"=""141654027X""","=""9781416540274""",3,3.41,Simon & Schuster,Hardcover,320,2017,2017,2019/03/19,2018/02/18,"psychology, audio","psychology (#26), audio (#6)",read,An engaging review of time research.,,,1,,,0,,,,,,"2019-03-15,2019-03-19",Science|106;Nonfiction|88;Psychology|31;Philosophy|25;Audiobook|7,https://i.gr-assets.com/images/S/compressed.photo.goodreads.com/books/1466946523i/30547646._SX98_.jpg
26030703,Disrupted: My Misadventure in the Start-Up Bubble,Dan Lyons,"Lyons, Dan",,"=""0316306088""","=""9780316306089""",3,3.92,Hachette Books,Hardcover,272,2016,2016,2019/03/06,2017/08/31,"tech, sociology, audio","tech (#39), sociology (#11), audio (#2)",read,A controversial tale full of stark insights.,,,1,,,0,,,,,,"2019-03-04,2019-03-06","Nonfiction|241;Business|216;Autobiography,Memoir|88;Biography|43;Science,Technology|40",https://i.gr-assets.com/images/S/compressed.photo.goodreads.com/books/1454285548i/26030703._SX98_.jpg
25899336,When Breath Becomes Air,Paul Kalanithi,"Kalanithi, Paul",,"=""""","=""""",3,4.35,Random House,Kindle Edition,208,2016,2016,2019/03/21,2017/07/06,"self-help, psychology, philosophy, audio","self-help (#12), psychology (#30), philosophy (#2), audio (#1)",read,A thoughtful reflection on life.,,,1,,,0,,,,,,"2019-03-20,2019-03-21","Nonfiction|4914;Autobiography,Memoir|2620;Biography|1302",https://i.gr-assets.com/images/S/compressed.photo.goodreads.com/books/1492677644i/25899336._SX98_.jpg
22800553,Effective Modern C++: 42 Specific Ways to Improve Your Use of C++11 and C++14,Scott Meyers,"Meyers, Scott",,"=""1491903996""","=""9781491903995""",2,4.52,O'Reilly Media,Paperback,334,2014,2014,2019/04/10,2019/03/26,,,read,"Good advice about move semantics, but fairly dry for my tastes.",,,1,,,0,,,,,,"2019-03-18,2019-04-10","Computer Science,Programming|91;Science,Computer Science|41;Nonfiction|24;Reference|14;Computer Science,Technical|14;Computer Science,Software|11",https://i.gr-assets.com/images/S/compressed.photo.goodreads.com/books/1416178786i/22800553._SX98_.jpg
14891,A Tree Grows in Brooklyn,Betty  Smith,"Smith, Betty",,"=""0061120073""","=""9780061120077""",4,4.26,HarperCollins Publishers,Paperback,496,2006,1943,2019/03/10,2018/03/09,novel,novel (#2),read,"On one hand it was an intriguing view into early 1900s Brooklyn, but on another it was an insight into the will to live mixed in with the human condition; at once both nostalgic and saddening.",,,1,,,0,,,,,,"2019-02-22,2019-03-10","Classics|6269;Fiction|4301;Historical,Historical Fiction|1996;Young Adult|1087",https://i.gr-assets.com/images/S/compressed.photo.goodreads.com/books/1327883484i/14891._SX98_.jpg
37976541,Bad Blood: Secrets and Lies in a Silicon Valley Startup,John Carreyrou,"Carreyrou, John",,"=""152473165X""","=""9781524731656""",4,4.47,Knopf Publishing Group,Hardcover,339,2018,2018,2019/02/19,2018/08/21,,,read,A fascinating investigative story,,,1,,,0,,,,,,"2019-02-19,2019-02-19","Nonfiction|2283;Business|834;Crime,True Crime|420;Science|350;Audiobook|324",https://i.gr-assets.com/images/S/compressed.photo.goodreads.com/books/1556268702i/37976541._SX98_.jpg
18222843,Stuff Matters: Exploring the Marvelous Materials That Shape Our Man-Made World,Mark Miodownik,"Miodownik, Mark",,"=""0544236041""","=""9780544236042""",3,4.09,Houghton Mifflin Harcourt,Hardcover,272,2014,2013,2019/02/19,2018/08/13,,,read,"One man's love letter to material science. An intriguing perspective on the world we've created around ourselves, with a brief speculation on what may yet come.",,,1,,,0,,,,,,"2019-02-14,2019-02-19","Science|868;Nonfiction|665;History|93;Science,Chemistry|63;Science,Technology|46;Science,Physics|41;Audiobook|40;Science,Engineering|26;Science,Popular Science|23;Design|14",https://i.gr-assets.com/images/S/compressed.photo.goodreads.com/books/1382416634i/18222843._SX98_.jpg
39294745,SUNBURST and LUMINARY - An Apollo Memoir,Don Eyles,"Eyles, Don",,"=""0986385905""","=""9780986385902""",4,4.40,"Fort Point Press, Bostom",Hardcover,357,2018,,2019/02/13,2018/06/24,entertaining-history,entertaining-history (#13),read,Neat insight into a revolutionary time and place.,,,1,,,0,,,,,,"2019-02-01,2019-02-13",Nonfiction|5;Space|4,https://i.gr-assets.com/images/S/compressed.photo.goodreads.com/books/1523187492i/39294745._SX98_.jpg
320,One Hundred Years of Solitude,Gabriel García Márquez,"Márquez, Gabriel García",Gregory Rabassa,"=""0060531045""","=""9780060531041""",3,4.06,Harper,Hardcover,417,2003,1967,2019/01/30,2018/07/26,novel,novel (#11),read,"A collection of stories bound together through heritage, with wonder, but seemingly lacking motivation.",,,1,,,0,,,,,,"2019-01-20,2019-01-30",Fiction|8559;Classics|6988;Magical Realism|2400;Literature|1352,https://i.gr-assets.com/images/S/compressed.photo.goodreads.com/books/1327881361i/320._SX98_.jpg
16395913,Fire in the Hole,Elmore Leonard,"Leonard, Elmore",,"=""5551096602""","=""""",3,3.89,Contentville Press,ebook,240,2001,2001,2019/01/18,2017/10/30,"fantasy, novel","fantasy (#5), novel (#4)",read,Entertaining tales,,,1,,,0,,,,,,"2019-01-13,2019-01-18","Fiction|122;Short Stories|98;Mystery,Crime|61;Mystery|50;Westerns|31",https://i.gr-assets.com/images/S/compressed.photo.goodreads.com/books/1366475416i/16395913._SX98_.jpg
27161156,Hillbilly Elegy: A Memoir of a Family and Culture in Crisis,J.D. Vance,"Vance, J.D.",,"=""0062300547""","=""9780062300546""",4,3.94,Harper,Hardcover,257,2016,2016,2019/01/12,2018/08/19,,,read,,,,1,,,0,,,,,,"2019-01-06,2019-01-12","Nonfiction|4380;Autobiography,Memoir|2790;Biography|1086;Audiobook|632",https://i.gr-assets.com/images/S/compressed.photo.goodreads.com/books/1463569814i/27161156._SX98_.jpg
35292242,Two Scoops of Django: Best Practices for Django 1.11,Daniel roy Greenfeld,"Greenfeld, Daniel roy",Audrey Roy,"=""""","=""""",3,4.39,,Paperback,515,2017,,2018/12/30,2018/04/14,tech,tech (#40),read,,,,1,,,0,,,,,,"2018-10-28,2018-12-30","Computer Science,Programming|2",https://i.gr-assets.com/images/S/compressed.photo.goodreads.com/books/1496495616i/35292242._SX98_.jpg
36447287,Handmade: Creative Focus in the Age of Distraction,Gary Rogowski,"Rogowski, Gary",,"=""1610353145""","=""9781610353144""",3,3.96,Linden Publishing,Paperback,184,2017,,2018/12/26,2018/12/22,,,read,Interesting combination of woodworking and hiking turned into generic yet good advice.,,,1,,,0,,,,,,"2018-12-22,2018-12-26","Art,Woodwork|7;Nonfiction|7;Philosophy|2",https://s.gr-assets.com/assets/nophoto/book/111x148-bcc042a9c91a29c1d680899eff700a03.png
15704247,The Autobiography of Benjamin Franklin,Benjamin Franklin,"Franklin, Benjamin",Charles William Eliot,"=""""","=""""",0,3.83,Public Domain Books,Kindle Edition,151,1994,1791,,2018/12/17,,,read,,,,1,,,0,,,,,,",2016-01-01","Biography|1378;History|1077;Nonfiction|979;Classics|581;Biography,Autobiography|367",https://i.gr-assets.com/images/S/compressed.photo.goodreads.com/books/1339606940i/15704247._SX98_.jpg
29056083,"Harry Potter and the Cursed Child: Parts One and Two (Harry Potter, #8)",John Tiffany,"Tiffany, John","Jack Thorne, J.K. Rowling","=""0751565350""","=""9780751565355""",3,3.67,"Little, Brown",Hardcover,343,2016,2016,2018/11/23,2018/11/23,,,read,"A neat throwback to a beloved classic, unfortunately lacking the original magic.",,,1,,,0,,,,,,"2018-11-23,2018-11-23",Fantasy|13051;Fiction|3815;Young Adult|3411;Plays|2784,https://i.gr-assets.com/images/S/compressed.photo.goodreads.com/books/1470082995i/29056083._SX98_.jpg
27246111,Barbarian Days: A Surfing Life,William Finnegan,"Finnegan, William",,"=""0143109391""","=""9780143109396""",4,4.20,Penguin Books,Paperback,447,2016,2015,2018/12/16,2018/11/30,,,read,A great insight into a different way of life.,,,1,,,0,,,,,,"2018-11-30,2018-12-16","Nonfiction|293;Autobiography,Memoir|236;Biography|131;Travel|109;Sports and Games,Sports|84",https://i.gr-assets.com/images/S/compressed.photo.goodreads.com/books/1462910465i/27246111._SX98_.jpg
25837084,The Left Hand of Darkness,Ursula K. Le Guin,"Guin, Ursula K. Le",,"=""""","=""""",4,4.06,Ace,Kindle Edition,320,2000,1969,2018/11/29,2018/08/27,,,read,"Very well written, evocative imagery and complex characters in a nuanced plot.",,,1,,,0,,,,,,"2018-11-19,2018-11-29",Science Fiction|4462;Fiction|2192;Fantasy|1174;Classics|648,https://i.gr-assets.com/images/S/compressed.photo.goodreads.com/books/1553023909i/25837084._SX98_.jpg
39286958,Measure What Matters,John Doerr,"Doerr, John",,"=""""","=""""",3,4.03,Penguin,Kindle Edition,320,2018,2018,2018/11/28,2018/11/28,,,read,"Too many examples, decent ideas.",,,1,,,0,,,,,,"2018-11-24,2018-11-28","Business|479;Nonfiction|150;Business,Management|102;Leadership|88;Productivity|36;Business,Entrepreneurship|30",https://s.gr-assets.com/assets/nophoto/book/111x148-bcc042a9c91a29c1d680899eff700a03.png
20937210,The Emperor's Handbook,Marcus Aurelius,"Aurelius, Marcus",,"=""""","=""""",4,4.23,Scribner,Hardcover,145,,180,2018/08/29,2018/08/24,,,read,,,,1,,,0,,,,,,"2018-08-24,2018-08-29","Philosophy|5460;Classics|1648;Nonfiction|1622;History|553;Self Help|221;Spirituality|153;Self Help,Personal Development|125;Psychology|125;Leadership|107;Literature|103",https://s.gr-assets.com/assets/nophoto/book/111x148-bcc042a9c91a29c1d680899eff700a03.png
39092290,Lost Horizon,James Hilton,"Hilton, James",,"=""""","=""""",3,3.92,Open Road Media,Kindle Edition,142,2012,1933,2018/10/27,2018/08/20,,,read,,,,1,,,0,,,,,,"2018-10-20,2018-10-26",Fiction|554;Classics|434;Fantasy|210;Adventure|124;Literature|56,https://s.gr-assets.com/assets/nophoto/book/111x148-bcc042a9c91a29c1d680899eff700a03.png
411621,Insight Guides Peru (Insight Guides),Pam Barrett,"Barrett, Pam",Insight Guides,"=""9812348085""","=""9789812348081""",3,3.77,Insight Guides,Paperback,358,2004,1993,2018/10/15,2018/09/20,,,read,,,,1,,,0,,,,,,"2018-09-20,2018-10-13",Travel|6,https://s.gr-assets.com/assets/nophoto/book/111x148-bcc042a9c91a29c1d680899eff700a03.png
7090,The Soul of a New Machine,Tracy Kidder,"Kidder, Tracy",,"=""0316491977""","=""9780316491976""",5,4.11,Back Bay Books,Paperback,293,2000,1981,2018/09/20,2018/07/05,"tech, entertaining-history","tech (#22), entertaining-history (#14)",read,,,,1,,,0,,,,,,"2018-09-04,2018-09-20","Nonfiction|284;Science,Technology|137;History|132;Business|103;Science|89;Computer Science,Computers|60",https://s.gr-assets.com/assets/nophoto/book/111x148-bcc042a9c91a29c1d680899eff700a03.png
22571775,"Do Over: Rescue Monday, Reinvent Your Work, and Never Get Stuck",Jon Acuff,"Acuff, Jon",,"=""1591847613""","=""9781591847618""",3,4.06,Portfolio,Hardcover,288,2015,2015,2018/08/21,2018/08/04,,,read,,,,1,,,0,,,,,,"2018-08-06,2018-08-21","Nonfiction|92;Business|80;Self Help|49;Self Help,Personal Development|29",https://i.gr-assets.com/images/S/compressed.photo.goodreads.com/books/1420787033i/22571775._SX98_.jpg
8205855,"The 4 Hour Workweek, Expanded And Updated: Expanded And Updated, With Over 100 New Pages Of Cutting Edge Content",Timothy Ferriss,"Ferriss, Timothy",,"=""""","=""""",0,3.87,Harmony,Kindle Edition,416,2009,2007,,2014/03/09,,,read,,,,1,,,0,,,,,,,"Business|2376;Nonfiction|1447;Self Help|904;Self Help,Personal Development|425;Productivity|404",https://i.gr-assets.com/images/S/compressed.photo.goodreads.com/books/1503703565i/8205855._SX98_.jpg
1202,Freakonomics: A Rogue Economist Explores the Hidden Side of Everything,Steven D. Levitt,"Levitt, Steven D.",Stephen J. Dubner,"=""0061234001""","=""9780061234002""",3,3.96,William Morrow,Hardcover,320,2006,2005,2018/08/06,2018/06/17,,,read,,,,1,,,0,,,,,,"2018-07-28,2018-08-06","Nonfiction|9630;Economics|3953;Business|1936;Science|1063;Psychology|736;Sociology|567;Politics|340;Audiobook|297;Economics,Finance|284;Social Science|220",https://i.gr-assets.com/images/S/compressed.photo.goodreads.com/books/1550917827i/1202._SX98_.jpg
11524771,Ghost in the Wires: My Adventures as the World's Most Wanted Hacker,Kevin D. Mitnick,"Mitnick, Kevin D.","Steve Wozniak, William L. Simon","=""""","=""""",4,3.97,,Kindle Edition,433,,2011,2017/10/13,2017/08/18,,,read,,,,1,,,0,,,,,,"2017-08-18,2017-10-13","Nonfiction|548;Biography|309;Science,Technology|163;Autobiography,Memoir|131",https://i.gr-assets.com/images/S/compressed.photo.goodreads.com/books/1327869451i/11524771._SX98_.jpg
6945716,MAKE: Electronics: Learning Through Discovery,Charles Platt,"Platt, Charles",,"=""0596153740""","=""9780596153748""",4,4.26,"Maker Media, Inc",Paperback,352,2009,2008,,2013/01/03,tech,tech (#3),read,,,,1,,,0,,,,,,,"Science,Engineering|20;Science|20;Reference|20;Nonfiction|19;Science,Technology|12;Computer Science,Technical|8;Engineering,Electrical Engineering|5;How To|5;Textbooks|4;Design|3",https://i.gr-assets.com/images/S/compressed.photo.goodreads.com/books/1366277469i/6945716._SX98_.jpg
2222623,Programming the World Wide Web,Robert W. Sebesta,"Sebesta, Robert W.",,"=""0321489691""","=""9780321489692""",3,3.75,Addison Wesley Longman,Paperback,734,2007,2001,,2013/01/03,tech,tech (#6),read,,,,1,,,0,,,,,,,"Computer Science,Programming|4;Science,Technology|3;Science,Computer Science|3;Reference|2;Textbooks|2",https://s.gr-assets.com/assets/nophoto/book/111x148-bcc042a9c91a29c1d680899eff700a03.png
13132504,"The 4-Hour Chef: The Simple Path to Cooking Like a Pro, Learning Anything, and Living the Good Life",Timothy Ferriss,"Ferriss, Timothy",,"=""""","=""""",4,3.95,Amazon Publishing,Kindle Edition,672,2012,2012,,2014/01/19,,,read,,,,1,,,0,,,,,,,"Nonfiction|184;Food and Drink,Cooking|116;Food and Drink,Food|110;Self Help|74;Food and Drink,Cookbooks|72;Self Help,Personal Development|60",https://i.gr-assets.com/images/S/compressed.photo.goodreads.com/books/1363442079i/13132504._SX98_.jpg
9359913,The Ultimate Hitchhiker's Guide to the Galaxy (Hitchhiker's Guide to the Galaxy #1-5),Douglas Adams,"Adams, Douglas",,"=""""","=""""",4,4.38,Del Rey Books,Kindle Edition,855,2010,1996,,2015/08/10,,,read,,,,1,,,0,,,,,,,Science Fiction|2964;Fiction|2299;Humor|1333;Fantasy|1008;Classics|675,https://i.gr-assets.com/images/S/compressed.photo.goodreads.com/books/1404613587i/9359913._SX98_.jpg
62291,"A Storm of Swords (A Song of Ice and Fire, #3)",George R.R. Martin,"Martin, George R.R.",,"=""055357342X""","=""9780553573428""",4,4.54,Bantam,Mass Market Paperback,1177,2003,2000,,2014/03/09,,,read,,,,1,,,0,,,,,,,"Fantasy|24857;Fiction|5004;Fantasy,Epic Fantasy|1159;Science Fiction Fantasy|908;Fantasy,High Fantasy|757;Adult|632;Fantasy,Dragons|564;Adventure|548;Epic|505;Audiobook|464",https://i.gr-assets.com/images/S/compressed.photo.goodreads.com/books/1497931121i/62291._SY160_.jpg
6480781,Open,Andre Agassi,"Agassi, Andre",J.R. Moehringer,"=""0307268195""","=""9780307268198""",4,4.22,Knopf,Hardcover,388,2009,2009,,2013/01/03,,,read,,,,1,,,0,,,,,,,"Biography|704;Nonfiction|695;Sports and Games,Sports|546;Autobiography,Memoir|290;Biography,Autobiography|248",https://i.gr-assets.com/images/S/compressed.photo.goodreads.com/books/1320520930i/6480781._SX98_.jpg
7799247,"The Hitchhiker's Guide to the Galaxy (Hitchhiker's Guide, #1)",Douglas Adams,"Adams, Douglas",,"=""""","=""""",4,4.22,Del Rey,Kindle Edition,179,2007,1979,,2015/08/10,,,read,,,,1,,,0,,,,,,,Science Fiction|12959;Fiction|8868;Humor|5050;Fantasy|4001;Classics|3718,https://i.gr-assets.com/images/S/compressed.photo.goodreads.com/books/1328025174i/7799247._SX98_.jpg
6,"Harry Potter and the Goblet of Fire (Harry Potter, #4)",J.K. Rowling,"Rowling, J.K.",Mary GrandPré,"=""""","=""""",4,4.55,Scholastic,Paperback,734,2002,2000,,2013/01/03,,,read,,,,1,,,0,,,,,,,Fantasy|44432;Young Adult|14638;Fiction|12305,https://i.gr-assets.com/images/S/compressed.photo.goodreads.com/books/1554006152i/6._SX98_.jpg
10664113,"A Dance with Dragons (A Song of Ice and Fire, #5)",George R.R. Martin,"Martin, George R.R.",,"=""""","=""""",4,4.32,Bantam,Kindle Edition,1125,2011,2011,,2014/03/09,,,read,,,,1,,,0,,,,,,,"Fantasy|20986;Fiction|4193;Fantasy,Epic Fantasy|979",https://i.gr-assets.com/images/S/compressed.photo.goodreads.com/books/1327885335i/10664113._SX98_.jpg
627206,The New Drawing on the Right Side of the Brain,Betty Edwards,"Edwards, Betty",,"=""0874774241""","=""9780874774245""",4,3.85,Tarcher,Paperback,291,1999,1979,,2013/01/03,drawing,drawing (#1),read,,,,1,,,0,,,,,,,"Art|1218;Nonfiction|492;Art,Drawing|192;Reference|101",https://s.gr-assets.com/assets/nophoto/book/111x148-bcc042a9c91a29c1d680899eff700a03.png
925232,What Smart Students Know: Maximum Grades. Optimum Learning. Minimum Time.,Adam Robinson,"Robinson, Adam",,"=""0517880857""","=""9780517880852""",4,3.81,Three Rivers Press,Paperback,288,1993,1993,,2013/01/03,self-help,self-help (#1),read,,,,1,,,0,,,,,,,Education|19;Nonfiction|14;Self Help|9,https://i.gr-assets.com/images/S/compressed.photo.goodreads.com/books/1320542400i/925232._SX98_.jpg
70401,On the Road,Jack Kerouac,"Kerouac, Jack",,"=""0140042598""","=""9780140042597""",4,3.63,Penguin Books,Paperback,307,1976,1955,,2014/03/09,literature,literature (#4),read,,,,1,,,0,,,,,,,Classics|4944;Fiction|4560;Travel|1041;Literature|778,https://i.gr-assets.com/images/S/compressed.photo.goodreads.com/books/1413588576i/70401._SX98_.jpg
4981,Slaughterhouse-Five,Kurt Vonnegut,"Vonnegut, Kurt",,"=""0385333846""","=""9780385333849""",5,4.07,Dial Press,Paperback,275,1999,1969,,2014/03/09,literature,literature (#5),read,,,,1,,,0,,,,,,,Classics|11400;Fiction|10833;Science Fiction|4821,https://i.gr-assets.com/images/S/compressed.photo.goodreads.com/books/1440319389i/4981._SY160_.jpg
1041695,Programming Challenges: The Programming Contest Training Manual,Steven S. Skiena,"Skiena, Steven S.",Miguel A. Revilla,"=""0387001638""","=""9780387001630""",4,4.03,Springer,Paperback,364,2003,2003,,2013/01/03,tech,tech (#5),read,,,,1,,,0,,,,,,,"Computer Science,Programming|17;Science,Computer Science|12;Science,Technology|7;Computer Science,Algorithms|6;Computer Science,Technical|5;Reference|4;Computer Science,Computers|3",https://s.gr-assets.com/assets/nophoto/book/111x148-bcc042a9c91a29c1d680899eff700a03.png
13496,"A Game of Thrones (A Song of Ice and Fire, #1)",George R.R. Martin,"Martin, George R.R.",,"=""0553588486""","=""9780553588484""",4,4.45,Bantam,Mass Market Paperback,848,2005,1996,,2014/03/09,,,read,,,,1,,,0,,,,,,,Fantasy|41401;Fiction|9387,https://i.gr-assets.com/images/S/compressed.photo.goodreads.com/books/1562475719i/13496._SY160_.jpg
36072,The 7 Habits of Highly Effective People: Powerful Lessons in Personal Change,Stephen R. Covey,"Covey, Stephen R.",Jim Collins,"=""0743269519""","=""9780743269513""",4,4.09,Free Press,Paperback,372,2004,1989,,2013/01/03,,,read,,,,1,,,0,,,,,,,"Self Help|3025;Nonfiction|2991;Business|2358;Self Help,Personal Development|1004",https://i.gr-assets.com/images/S/compressed.photo.goodreads.com/books/1421842784i/36072._SX98_.jpg
4406,East of Eden,John Steinbeck,"Steinbeck, John",,"=""0142000655""","=""9780142000656""",5,4.37,Penguin Books,Paperback,601,2002,1952,2018/07/24,2018/04/15,,,read,,,,1,,,0,,,,,,"2018-07-10,2018-07-24","Classics|8772;Fiction|5340;Historical,Historical Fiction|1094;Literature|854;Novels|465;Literature,American|350;Classics,Classic Literature|265;Literary Fiction|256;Historical|249;Adult|189",https://i.gr-assets.com/images/S/compressed.photo.goodreads.com/books/1544744853i/4406._SX98_.jpg
3828902,Thinking in Systems: A Primer,Donella H. Meadows,"Meadows, Donella H.",Diana       Wright,"=""1603580557""","=""9781603580557""",3,4.26,Chelsea Green Publishing,Paperback,240,2008,2008,2018/07/14,2017/11/26,,,read,Was an interesting high-level overview that provided a different way of looking at the world. Breaking everything down into a system that built up stocks and had various inflows and outflows.,,,1,,,0,,,,,,"2018-07-06,2018-07-14",Nonfiction|219;Business|186;Science|150;Design|61,https://i.gr-assets.com/images/S/compressed.photo.goodreads.com/books/1390169859i/3828902._SX98_.jpg
61505,A Little History of the World,E.H. Gombrich,"Gombrich, E.H.","Caroline Mustill, Clifford Harper","=""0300108834""","=""9780300108835""",4,4.11,Yale University Press,Hardcover,284,2005,1936,2018/06/10,2017/11/21,,,read,,,,1,,,0,,,,,,"2018-06-02,2018-06-10",History|1169;Nonfiction|628;Historical|46,https://s.gr-assets.com/assets/nophoto/book/111x148-bcc042a9c91a29c1d680899eff700a03.png
929618,Middlesex,Jeffrey Eugenides,"Eugenides, Jeffrey",,"=""""","=""""",4,4.00,Picador,Paperback,529,2002,2002,2018/05/23,2018/04/20,,,read,,,,1,,,0,,,,,,"2018-04-21,2018-05-23","Fiction|6847;Historical,Historical Fiction|1121;Contemporary|878",https://i.gr-assets.com/images/S/compressed.photo.goodreads.com/books/1557343315i/929618._SX98_.jpg
22318578,The Life-Changing Magic of Tidying Up: The Japanese Art of Decluttering and Organizing,Marie Kondō,"Kondō, Marie",Cathy Hirano,"=""1607747308""","=""9781607747307""",2,3.83,Ten Speed Press,Hardcover,206,2014,2011,2018/04/23,2018/02/10,,,read,"Wish I would've read a cliff-notes version. Seems like the point could've been given in 10 pages, not 206",,,1,,,0,,,,,,"2018-04-13,2018-04-23",Nonfiction|6120;Self Help|2374;Audiobook|560,https://i.gr-assets.com/images/S/compressed.photo.goodreads.com/books/1418767178i/22318578._SX98_.jpg
4099,The Pragmatic Programmer: From Journeyman to Master,Andy Hunt,"Hunt, Andy",Dave Thomas,"=""020161622X""","=""9780201616224""",3,4.31,Addison-Wesley Professional,Paperback,321,1999,1999,2018/04/21,2018/02/18,,,read,,,,1,,,0,,,,,,"2018-04-13,2018-04-21","Computer Science,Programming|1170;Science,Computer Science|368;Science,Technology|254;Nonfiction|250;Computer Science,Technical|223;Computer Science,Software|210",https://i.gr-assets.com/images/S/compressed.photo.goodreads.com/books/1401432508i/4099._SX98_.jpg
9969571,"Ready Player One (Ready Player One, #1)",Ernest Cline,"Cline, Ernest",,"=""030788743X""","=""9780307887436""",5,4.28,Crown Publishers,Hardcover,374,2011,2011,2018/04/20,2018/03/30,,,read,,,,2,,,0,,,,,,"2018-04-16,2018-04-20","Science Fiction|9846;Fiction|7043;Young Adult|3509;Fantasy|3008;Science Fiction,Dystopia|2946",https://i.gr-assets.com/images/S/compressed.photo.goodreads.com/books/1500930947i/9969571._SX98_.jpg
2767793,"The Hero of Ages (Mistborn, #3)",Brandon Sanderson,"Sanderson, Brandon",,"=""0765316897""","=""9780765316899""",4,4.49,Tor Books,Hardcover,572,2008,2008,2018/04/10,2018/04/05,,,read,,,,2,,,0,,,,,,"2018-04-05,2018-04-10","Fantasy|11146;Fiction|1075;Fantasy,Epic Fantasy|716;Fantasy,High Fantasy|544",https://i.gr-assets.com/images/S/compressed.photo.goodreads.com/books/1480717763i/2767793._SX98_.jpg
68429,"The Well of Ascension (Mistborn, #2)",Brandon Sanderson,"Sanderson, Brandon",,"=""0765316889""","=""9780765316882""",4,4.37,Tor Books,Hardcover,590,2007,2007,2018/04/05,2018/03/28,,,read,,,,1,,,0,,,,,,"2018-04-04,2018-04-05","Fantasy|12350;Fiction|1058;Fantasy,Epic Fantasy|766;Fantasy,High Fantasy|619",https://i.gr-assets.com/images/S/compressed.photo.goodreads.com/books/1480717596i/68429._SX98_.jpg
68428,"The Final Empire (Mistborn, #1)",Brandon Sanderson,"Sanderson, Brandon",,"=""076531178X""","=""9780765311788""",4,4.45,Tor Books,Hardcover,541,2006,2006,2018/03/28,2018/02/10,,,read,,,,1,,,0,,,,,,"2018-03-28,2018-03-28","Fantasy|19362;Fiction|1850;Fantasy,Epic Fantasy|1028;Fantasy,High Fantasy|968",https://i.gr-assets.com/images/S/compressed.photo.goodreads.com/books/1480717416i/68428._SX98_.jpg
2657,"To Kill a Mockingbird (To Kill a Mockingbird, #1)",Harper Lee,"Lee, Harper",,"=""""","=""""",4,4.27,Harper Perennial Modern Classics,Paperback,324,2006,1960,2018/03/19,2016/01/04,,,read,,,,1,,,0,,,,,,"2018-03-10,2018-03-19","Classics|39740;Fiction|19890;Historical,Historical Fiction|5951;Academic,School|3435",https://i.gr-assets.com/images/S/compressed.photo.goodreads.com/books/1553383690i/2657._SX98_.jpg
7445,The Glass Castle,Jeannette Walls,"Walls, Jeannette",,"=""074324754X""","=""9780743247542""",4,4.26,Scribner,Paperback,288,2006,2005,2018/03/10,2018/03/10,,,read,,,,1,,,0,,,,,,"2018-03-10,2018-03-10","Nonfiction|5957;Autobiography,Memoir|5275;Biography|1583",https://i.gr-assets.com/images/S/compressed.photo.goodreads.com/books/1523542886i/7445._SX98_.jpg
31921732,Introducing Game Theory: A Graphic Guide,Ivan Pastine,"Pastine, Ivan","Tuvana Pastine, Tom Humberstone","=""1785780824""","=""9781785780820""",3,3.87,Icon Books Ltd,Paperback,176,2017,,2018/03/02,2018/03/02,,,read,,,,1,,,0,,,,,,"2018-03-02,2018-03-02","Nonfiction|15;Economics|10;Science|9;Business|5;Psychology|4;Science,Mathematics|3;Philosophy|2;Sequential Art,Comics|2;Sociology|2;Education|2",https://i.gr-assets.com/images/S/compressed.photo.goodreads.com/books/1473603017i/31921732._SX98_.jpg
36257995,The Wilder Muir: The Curious Nature of John Muir,Bonnie J. Gisel,"Gisel, Bonnie J.",,"=""""","=""""",4,4.00,Yosemite Conservancy,Kindle Edition,224,2017,,2018/02/23,2018/02/20,,,read,A quick flutter of introductions to and excerpts from John Muir's life and writings.,,,1,,,0,,,,,,"2018-02-20,2018-02-23",,https://s.gr-assets.com/assets/nophoto/book/111x148-bcc042a9c91a29c1d680899eff700a03.png
11797471,The Idea Factory: Bell Labs and the Great Age of American Innovation,Jon Gertner,"Gertner, Jon",,"=""1594203288""","=""9781594203282""",4,4.16,Penguin Press,Hardcover,432,2012,2012,2018/02/20,2017/07/20,,,read,,,,1,,,0,,,,,,"2018-02-05,2018-02-20","History|243;Nonfiction|205;Business|161;Science|150;Science,Technology|89",https://i.gr-assets.com/images/S/compressed.photo.goodreads.com/books/1338504885i/11797471._SX98_.jpg
32919530,A Mind at Play: How Claude Shannon Invented the Information Age,Jimmy Soni,"Soni, Jimmy",Rob Goodman,"=""1476766681""","=""9781476766683""",4,4.15,Simon & Schuster,Hardcover,384,2017,2017,2018/01/30,2017/09/10,,,read,A real treat,,,1,,,0,,,,,,"2018-01-20,2018-01-30","Biography|135;Science|73;Nonfiction|48;History|38;Science,Technology|29;Science,Computer Science|12",https://i.gr-assets.com/images/S/compressed.photo.goodreads.com/books/1495386506i/32919530._SX98_.jpg
3869,A Brief History of Time,Stephen Hawking,"Hawking, Stephen",,"=""0553380168""","=""9780553380163""",4,4.16,Bantam Books,Paperback,212,1998,1988,2018/01/19,2017/11/21,,,read,,,,1,,,0,,,,,,"2018-01-02,2018-01-19","Science|7778;Nonfiction|5473;Science,Physics|1287;History|625",https://i.gr-assets.com/images/S/compressed.photo.goodreads.com/books/1333578746i/3869._SX98_.jpg
778026,Great Ideas in Psychology: A Cultural and Historical Introduction,Fathali M. Moghaddam,"Moghaddam, Fathali M.",,"=""1851683798""","=""9781851683796""",3,3.40,Oneworld Publications,Paperback,340,2005,2005,,2018/01/02,,,read,"A solid, albeit dry listing of the various foundational concepts in psychology.",,,1,,,0,,,,,,,Psychology|3;Nonfiction|3,https://s.gr-assets.com/assets/nophoto/book/111x148-bcc042a9c91a29c1d680899eff700a03.png
34145962,In the Cage,Kevin Hardcastle,"Hardcastle, Kevin",,"=""1771961473""","=""9781771961479""",4,3.91,Biblioasis,Paperback,256,2017,,,2017/10/13,,,read,,,,1,,,0,,,,,,,"Fiction|3;Mystery,Crime|2",https://i.gr-assets.com/images/S/compressed.photo.goodreads.com/books/1503416507i/34145962._SX98_.jpg
357636,Civilization and Its Discontents,Sigmund Freud,"Freud, Sigmund","James Strachey, Peter Gay","=""0393301583""","=""9780393301588""",3,3.77,W. W. Norton  Company,Paperback,127,1989,1930,2017/11/21,2017/09/10,psychology,psychology (#16),read,,,,1,,,0,,,,,,"2017-10-15,2017-11-21","Psychology|1041;Philosophy|793;Nonfiction|510;Classics|158;Psychology,Psychoanalysis|126;Sociology|112",https://s.gr-assets.com/assets/nophoto/book/111x148-bcc042a9c91a29c1d680899eff700a03.png
15898640,The One World Schoolhouse: Education Reimagined,Salman Khan,"Khan, Salman",,"=""1619697777""","=""9781619697775""",0,4.32,Hachette Audio,Audiobook,272,2012,2012,,2017/11/18,,,read,,,,1,,,0,,,,,,,Education|253;Nonfiction|121;Teaching|19;Philosophy|17;Parenting|12,https://i.gr-assets.com/images/S/compressed.photo.goodreads.com/books/1348890139i/15898640._SX98_.jpg
2272880,The Drunkard's Walk: How Randomness Rules Our Lives,Leonard Mlodinow,"Mlodinow, Leonard",,"=""0375424040""","=""9780375424045""",0,3.90,Pantheon Books,Hardcover,252,2008,2008,,2017/11/18,,,read,,,,1,,,0,,,,,,,"Nonfiction|763;Science|670;Psychology|204;Science,Mathematics|157;Economics|86",https://i.gr-assets.com/images/S/compressed.photo.goodreads.com/books/1320392907i/2272880._SX98_.jpg
8659397,Built to Love: Creating Products That Captivate Customers,Peter Boatwright,"Boatwright, Peter",Jonathan Cagan,"=""1605096989""","=""9781605096988""",0,3.49,Berrett-Koehler Publishers,Hardcover,216,2010,2010,,2017/11/18,,,read,,,,1,,,0,,,,,,,Business|5,https://i.gr-assets.com/images/S/compressed.photo.goodreads.com/books/1328740212i/8659397._SX98_.jpg
5470,1984,George Orwell,"Orwell, George",Erich Fromm,"=""""","=""""",4,4.17,New American Library,Mass Market Paperback,326,1950,1949,2017/10/01,2017/10/01,,,read,,,,1,,,0,,,,,,"2017-10-01,2017-10-01","Classics|29801;Fiction|18786;Science Fiction|9334;Science Fiction,Dystopia|7697",https://i.gr-assets.com/images/S/compressed.photo.goodreads.com/books/1348990566i/5470._SX98_.jpg
26329,Emotional Intelligence: Why It Can Matter More Than IQ,Daniel Goleman,"Goleman, Daniel",,"=""055380491X""","=""9780553804911""",3,4.01,Bantam,Hardcover,384,2006,1995,2017/09/19,2017/08/03,psychology,psychology (#7),read,,,,1,,,0,,,,,,"2017-09-10,2017-09-19","Psychology|1617;Nonfiction|1060;Self Help|494;Business|361;Self Help,Personal Development|208;Science|200",https://s.gr-assets.com/assets/nophoto/book/111x148-bcc042a9c91a29c1d680899eff700a03.png
9505798,Test Driven Development for Embedded C,James W. Grenning,"Grenning, James W.",,"=""193435662X""","=""9781934356623""",3,4.22,Pragmatic Bookshelf,Paperback,352,2011,2010,,2017/09/10,tech,tech (#16),read,,,,1,,,0,,,,,,,"Computer Science,Programming|7;Science,Engineering|5;Science,Computer Science|4;Computer Science,Technical|4;Nonfiction|3;Computer Science,Computers|3;Computer Science,Software|3;Science,Technology|3;Reference|2",https://s.gr-assets.com/assets/nophoto/book/111x148-bcc042a9c91a29c1d680899eff700a03.png
13161350,Programming Embedded Systems: With C and GNU Development Tools,Michael Barr,"Barr, Michael",Anthony Massa,"=""""","=""""",4,3.73,,Kindle Edition,336,,2006,,2017/09/10,tech,tech (#15),read,,,,1,,,0,,,,,,,"Science,Technology|2",https://s.gr-assets.com/assets/nophoto/book/111x148-bcc042a9c91a29c1d680899eff700a03.png
24945473,Effective Python: 59 Specific Ways to Write Better Python (Effective Software Development Series),Brett Slatkin,"Slatkin, Brett",,"=""""","=""""",3,4.28,Addison-Wesley Professional,Kindle Edition,249,2015,2015,,2017/09/10,tech,tech (#14),read,,,,1,,,0,,,,,,,"Computer Science,Programming|88;Science,Computer Science|26;Science,Technology|13;Nonfiction|11;Computer Science,Coding|10;Computer Science,Technical|9;Reference|8;Computer Science,Computers|6;Computer Science,Software|6;Textbooks|3",https://s.gr-assets.com/assets/nophoto/book/111x148-bcc042a9c91a29c1d680899eff700a03.png
15845322,The Picture of Dorian Gray,Oscar Wilde,"Wilde, Oscar",,"=""""","=""""",2,4.07,Amazon Digital Services,Kindle Edition,175,2012,1890,,2017/09/10,,,read,,,,1,,,0,,,,,,,Classics|22705;Fiction|8515;Horror|2511;Fantasy|1948,https://i.gr-assets.com/images/S/compressed.photo.goodreads.com/books/1371113068i/15845322._SX98_.jpg
6098657,"Red Dragon (Hannibal Lecter, #1)",Thomas  Harris,"Harris, Thomas",,"=""""","=""""",3,4.03,Berkley,Kindle Edition,464,2008,1981,,2017/09/10,,,read,,,,1,,,0,,,,,,,"Horror|2497;Fiction|2097;Thriller|1859;Mystery,Crime|1175;Mystery|1144;Suspense|434",https://s.gr-assets.com/assets/nophoto/book/111x148-bcc042a9c91a29c1d680899eff700a03.png
8732739,"The Killer Angels (The Civil War Trilogy, #2)",Michael Shaara,"Shaara, Michael",,"=""""","=""""",4,4.32,Ballantine Books,Kindle Edition,402,2010,1974,,2017/09/10,,,read,,,,1,,,0,,,,,,,"Historical,Historical Fiction|2054;Fiction|1127;Military History,Civil War|669;War|394;Historical|314",https://i.gr-assets.com/images/S/compressed.photo.goodreads.com/books/1353352586i/8732739._SX98_.jpg
22608450,With Fire and Sword (Annotated): The Trilogy,Henryk Sienkiewicz,"Sienkiewicz, Henryk",,"=""""","=""""",4,3.97,,Kindle Edition,,2014,1884,,2017/09/10,,,read,,,,1,,,0,,,,,,,"Historical,Historical Fiction|122;Classics|85;European Literature,Polish Literature|72;Fiction|66;Cultural,Poland|43",https://s.gr-assets.com/assets/nophoto/book/111x148-bcc042a9c91a29c1d680899eff700a03.png
6346975,Moonwalking with Einstein: The Art and Science of Remembering Everything,Joshua Foer,"Foer, Joshua",,"=""159420229X""","=""9781594202292""",0,3.87,"Penguin Press HC, The",Hardcover,307,2011,2011,,2017/09/10,,,read,,,,1,,,0,,,,,,,"Nonfiction|2306;Science|867;Psychology|725;Self Help|278;Autobiography,Memoir|169",https://s.gr-assets.com/assets/nophoto/book/111x148-bcc042a9c91a29c1d680899eff700a03.png
7170627,The Emperor of All Maladies: A Biography of Cancer,Siddhartha Mukherjee,"Mukherjee, Siddhartha",,"=""""","=""""",4,4.31,Scribner,Hardcover,571,2010,2010,,2017/09/10,,,read,,,,1,,,0,,,,,,,"Nonfiction|2923;Science|2191;History|921;Health,Medicine|750;Medical|421;Health|386",https://i.gr-assets.com/images/S/compressed.photo.goodreads.com/books/1280771091i/7170627._SX98_.jpg
18693669,The Organized Mind: Thinking Straight in the Age of Information Overload,Daniel J. Levitin,"Levitin, Daniel J.",,"=""052595418X""","=""9780525954187""",2,3.68,Dutton,Hardcover,528,2014,2014,2017/08/29,2017/08/08,psychology,psychology (#15),read,,,,1,,,0,,,,,,"2017-08-08,2017-08-29",Nonfiction|502;Psychology|379;Science|161;Self Help|148;Business|77;Productivity|73,https://i.gr-assets.com/images/S/compressed.photo.goodreads.com/books/1382943888i/18693669._SX98_.jpg
26312997,Peak: Secrets from the New Science of Expertise,K. Anders Ericsson,"Ericsson, K. Anders",Robert Pool,"=""0544456254""","=""9780544456259""",4,4.29,Eamon Dolan/Houghton Mifflin Harcourt,ebook,304,2016,2016,2017/09/04,2017/09/04,,,read,,,,1,,,0,,,,,,"2017-09-04,2017-09-04","Psychology|315;Nonfiction|281;Self Help|184;Science|114;Business|86;Self Help,Personal Development|74;Productivity|67;Education|41;Leadership|16;Audiobook|13",https://i.gr-assets.com/images/S/compressed.photo.goodreads.com/books/1445050174i/26312997._SX98_.jpg
4069,Man's Search for Meaning,Viktor E. Frankl,"Frankl, Viktor E.","Harold S. Kushner, William J. Winslade, Isle Lasch","=""080701429X""","=""9780807014295""",0,4.36,Beacon Press,Paperback,165,2006,1946,2017/08/08,2017/08/02,psychology,psychology (#5),read,,,,2,,,0,,,,,,"2017-08-06,2017-08-08","Nonfiction|4669;Psychology|3883;Philosophy|3349;History|1323;Autobiography,Memoir|941;Biography|862",https://i.gr-assets.com/images/S/compressed.photo.goodreads.com/books/1535419394i/4069._SX98_.jpg
259028,"The Devil in the White City: Murder, Magic, and Madness at the Fair That Changed America",Erik Larson,"Larson, Erik",,"=""0375725601""","=""9780375725609""",3,3.99,Vintage Books,Paperback,447,2004,2003,2017/08/02,2017/08/01,,,read,,,,1,,,0,,,,,,"2017-07-15,2017-08-02","Nonfiction|8461;History|5684;Crime,True Crime|2214;Mystery,Crime|989",https://s.gr-assets.com/assets/nophoto/book/111x148-bcc042a9c91a29c1d680899eff700a03.png
18803640,H is for Hawk,Helen Macdonald,"Macdonald, Helen",,"=""0224097008""","=""9780224097000""",4,3.73,Jonathan Cape,Hardcover,300,2014,2015,2017/07/13,2017/07/05,,,read,,,,1,,,0,,,,,,"2017-07-01,2017-07-13","Nonfiction|1851;Autobiography,Memoir|1244;Environment,Nature|432;Biography|399;Animals|326",https://s.gr-assets.com/assets/nophoto/book/111x148-bcc042a9c91a29c1d680899eff700a03.png
29580,Second Foundation (Foundation #3),Isaac Asimov,"Asimov, Isaac",,"=""0553803735""","=""9780553803730""",0,4.25,Bantam Spectra,Hardcover,256,2004,1953,,2017/07/05,,,read,Full of twists,,,1,,,0,,,,,,,Science Fiction|3948;Fiction|1256;Classics|311,https://i.gr-assets.com/images/S/compressed.photo.goodreads.com/books/1417900922i/29580._SX98_.jpg
29581,Foundation and Empire (Foundation #2),Isaac Asimov,"Asimov, Isaac",Sönmez Güven,"=""0553803727""","=""9780553803723""",0,4.22,Spectra Books,Hardcover,256,2004,1952,,2017/07/05,,,read,,,,1,,,0,,,,,,,Science Fiction|4278;Fiction|1399;Classics|378,https://s.gr-assets.com/assets/nophoto/book/111x148-bcc042a9c91a29c1d680899eff700a03.png
29579,Foundation (Foundation #1),Isaac Asimov,"Asimov, Isaac",,"=""0553803719""","=""9780553803716""",0,4.16,Bantam,Hardcover,244,2004,1951,,2017/07/05,,,read,"A predictable, yet interesting perspective on political and psychological science. Full of fun anecdotes of galactic crises.",,,1,,,0,,,,,,,Science Fiction|7818;Fiction|3031;Classics|1284,https://i.gr-assets.com/images/S/compressed.photo.goodreads.com/books/1417900846i/29579._SX98_.jpg
7745,Fear and Loathing in Las Vegas,Hunter S. Thompson,"Thompson, Hunter S.",Ralph Steadman,"=""0679785892""","=""9780679785897""",0,4.08,Vintage Books,Paperback,204,1998,1972,,2017/04/07,,,read,,,,1,,,0,,,,,,,Fiction|2415;Classics|936;Humor|469,https://i.gr-assets.com/images/S/compressed.photo.goodreads.com/books/1394204569i/7745._SX98_.jpg
7126,The Count of Monte Cristo,Alexandre Dumas,"Dumas, Alexandre",Robin Buss,"=""0140449264""","=""9780140449266""",4,4.24,Penguin Classics,Paperback,1276,2003,1844,2015/11/26,2015/10/27,,,read,,,,1,,,0,,,,,,"2015-10-30,2015-11-26","Classics|16636;Fiction|6028;Historical,Historical Fiction|2132;Adventure|1333",https://i.gr-assets.com/images/S/compressed.photo.goodreads.com/books/1309203605i/7126._SX98_.jpg
25069886,Modern Romance: An Investigation,Aziz Ansari,"Ansari, Aziz",Eric Klinenberg,"=""""","=""""",4,3.83,Penguin Books,Kindle Edition,290,2015,2015,2016/12/03,2016/12/03,,,read,,,,1,,,0,,,,,,",2016-12-03",Nonfiction|4062;Humor|1345;Audiobook|1065;Romance|410,https://i.gr-assets.com/images/S/compressed.photo.goodreads.com/books/1425492579i/25069886._SX98_.jpg
17375315,Treasure Island,Robert Louis Stevenson,"Stevenson, Robert Louis",,"=""""","=""""",3,3.83,Amazon Media EU S.à r.l.,Kindle Edition,124,2012,1882,2016/02/09,2016/02/09,,,read,,,,1,,,0,,,,,,",2016-02-09",Classics|10252;Fiction|3986;Adventure|2144;Young Adult|894,https://i.gr-assets.com/images/S/compressed.photo.goodreads.com/books/1366130749i/17375315._SX98_.jpg
13253510,"Archaeology: Theories, Methods, and Practice",Colin Renfrew,"Renfrew, Colin",Paul G. Bahn,"=""050028976X""","=""9780500289761""",0,4.09,Thames & Hudson,Paperback,656,2012,1991,2015/10/27,2014/03/09,,,read,,,,1,,,0,,,,,,"2014-03-09,2015-10-27","History,Archaeology|115;Nonfiction|58;History|27;Reference|20;Anthropology|19;Textbooks|11;Science|10;Academic|5;Academic,Read For School|4;Philosophy,Theory|4",https://s.gr-assets.com/assets/nophoto/book/111x148-bcc042a9c91a29c1d680899eff700a03.png
19014642,Computer Architecture: A Quantitative Approach (The Morgan Kaufmann Series in Computer Architecture and Design),John L. Hennessy,"Hennessy, John L.",David A. Patterson,"=""""","=""""",0,4.08,Morgan Kaufmann,Kindle Edition,856,2011,1990,2015/10/27,2014/03/09,tech,tech (#10),read,,,,1,,,0,,,,,,"2014-03-09,2015-10-27","Science,Computer Science|64;Computer Science,Programming|19;Reference|19;Nonfiction|14;Computer Science,Computers|13;Textbooks|13;Science,Technology|11;Computer Science,Technical|11;Science,Engineering|7;Computer Science,Software|7",https://s.gr-assets.com/assets/nophoto/book/111x148-bcc042a9c91a29c1d680899eff700a03.png
9874119,Theodore Rex,Edmund Morris,"Morris, Edmund",,"=""""","=""""",0,4.18,,Kindle Edition,,,2001,2015/10/27,2015/07/17,,,read,,,,1,,,0,,,,,,"2015-07-17,2015-10-27","Biography|960;History|868;Nonfiction|409;Politics,Presidents|179;North American Hi...,American History|141;Politics|107",https://s.gr-assets.com/assets/nophoto/book/111x148-bcc042a9c91a29c1d680899eff700a03.png
23492504,The Incarnations,Susan  Barker,"Barker, Susan",,"=""1501106783""","=""9781501106781""",3,3.76,Touchstone,Hardcover,371,2015,2014,,2015/10/27,,,read,,,,1,,,0,,,,,,,"Fiction|263;Historical,Historical Fiction|161;Fantasy|90;Cultural,China|82;Magical Realism|74;Cultural,Asia|38",https://i.gr-assets.com/images/S/compressed.photo.goodreads.com/books/1486861555i/23492504._SX98_.jpg
19088889,Nick Adams Stories,Ernest Hemingway,"Hemingway, Ernest",,"=""""","=""""",4,4.05,Scribner,Kindle Edition,276,2009,1966,,2015/08/10,,,read,,,,1,,,0,,,,,,,Fiction|180;Short Stories|124;Classics|99;Literature|35,https://s.gr-assets.com/assets/nophoto/book/111x148-bcc042a9c91a29c1d680899eff700a03.png
9716386,Colonel Roosevelt,Edmund Morris,"Morris, Edmund",,"=""""","=""""",4,4.08,,Kindle Edition,784,,2010,,2015/08/10,,,read,,,,1,,,0,,,,,,,"Biography|493;History|395;Nonfiction|194;Politics,Presidents|110;North American Hi...,American History|75;Politics|54",https://s.gr-assets.com/assets/nophoto/book/111x148-bcc042a9c91a29c1d680899eff700a03.png
9889561,The Rise of Theodore Roosevelt,Edmund Morris,"Morris, Edmund",,"=""""","=""""",5,4.24,,Kindle Edition,960,,1979,,2015/08/10,,,read,,,,1,,,0,,,,,,,"Biography|1364;History|1238;Nonfiction|619;Politics,Presidents|195;Politics|172",https://i.gr-assets.com/images/S/compressed.photo.goodreads.com/books/1327961415i/9889561._SX98_.jpg
3876,The Sun Also Rises,Ernest Hemingway,"Hemingway, Ernest",,"=""""","=""""",0,3.82,Pan Books,Paperback,189,1957,1926,,2014/03/09,,,read,,,,1,,,0,,,,,,,Classics|7050;Fiction|4803;Literature|910;Novels|504,https://i.gr-assets.com/images/S/compressed.photo.goodreads.com/books/1509802323i/3876._SY160_.jpg
20806024,The Hitchhikers Guide To The Galaxy,Douglas Adams,"Adams, Douglas",,"=""0330508105""","=""""",0,4.40,,Paperback,,,1992,,2014/03/08,,,read,,,,1,,,0,,,,,,,Science Fiction|310;Fiction|255;Humor|96,https://s.gr-assets.com/assets/nophoto/book/111x148-bcc042a9c91a29c1d680899eff700a03.png
12551893,"The Willpower Instinct: How Self-Control Works, Why It Matters, and What You Can Do To Get More of It",Kelly McGonigal,"McGonigal, Kelly",,"=""""","=""""",4,4.14,,Kindle Edition,272,,2011,2014/10/09,2014/10/09,,,read,,,,1,,,0,,,,,,",2014-10-09","Psychology|868;Nonfiction|757;Self Help|621;Self Help,Personal Development|204;Science|148",https://s.gr-assets.com/assets/nophoto/book/111x148-bcc042a9c91a29c1d680899eff700a03.png
46170,For Whom the Bell Tolls,Ernest Hemingway,"Hemingway, Ernest",,"=""""","=""""",5,3.96,Scribner,Paperback,471,1995,1940,,2014/03/09,,,read,,,,1,,,0,,,,,,,"Classics|4936;Fiction|3445;Literature|700;Historical,Historical Fiction|649;War|618;Novels|335;Literature,American|280;Cultural,Spain|199;Classics,Classic Literature|151;Historical|144",https://i.gr-assets.com/images/S/compressed.photo.goodreads.com/books/1492591524i/46170._SX98_.jpg
4671,The Great Gatsby,F. Scott Fitzgerald,"Fitzgerald, F. Scott",,"=""""","=""""",5,3.91,Scribner,Paperback,180,2004,1925,,2014/03/09,literature,literature (#3),read,,,,1,,,0,,,,,,,"Classics|38091;Fiction|18016;Academic,School|3093;Literature|2983",https://i.gr-assets.com/images/S/compressed.photo.goodreads.com/books/1490528560i/4671._SX98_.jpg
10572,"A Clash of Kings  (A Song of Ice and Fire, #2)",George R.R. Martin,"Martin, George R.R.",Lauren Cannon,"=""0553381695""","=""9780553381696""",4,4.41,Bantam,Paperback,969,2002,1998,,2014/03/09,,,read,,,,1,,,0,,,,,,,"Fantasy|143;Fiction|6152;Fantasy,Epic Fantasy|1367",https://i.gr-assets.com/images/S/compressed.photo.goodreads.com/books/1558408195i/10572._SX98_.jpg
13497,"A Feast for Crows (A Song of Ice and Fire, #4)",George R.R. Martin,"Martin, George R.R.",,"=""055358202X""","=""9780553582024""",4,4.13,Bantam Books,Mass Market Paperback,978,2011,2005,,2014/03/09,,,read,,,,1,,,0,,,,,,,"Fantasy|24195;Fiction|4807;Fantasy,Epic Fantasy|1122",https://i.gr-assets.com/images/S/compressed.photo.goodreads.com/books/1429538615i/13497._SY160_.jpg
2165,The Old Man and the Sea,Ernest Hemingway,"Hemingway, Ernest",,"=""0684830493""","=""9780684830490""",4,3.76,Scribner,Hardcover,132,1996,1952,,2014/03/09,literature,literature (#2),read,,,,1,,,0,,,,,,,Classics|12899;Fiction|7877;Literature|1441;Novels|784,https://i.gr-assets.com/images/S/compressed.photo.goodreads.com/books/1329189714i/2165._SX98_.jpg
3901665,Karate-Do Foundations,Mark R. Moeller,"Moeller, Mark R.",,"=""1570280266""","=""9781570280269""",0,4.00,Masters Press,Paperback,209,1995,,,2014/03/09,,,read,,,,1,,,0,,,,,,,,https://s.gr-assets.com/assets/nophoto/book/111x148-bcc042a9c91a29c1d680899eff700a03.png
8111224,"Digital Design with Rtl Design, Vhdl, and Verilog",Frank Vahid,"Vahid, Frank",,"=""0470531088""","=""9780470531082""",0,3.75,Wiley,Hardcover,575,2010,2010,,2014/03/09,,,read,,,,1,,,0,,,,,,,Textbooks|3,https://s.gr-assets.com/assets/nophoto/book/111x148-bcc042a9c91a29c1d680899eff700a03.png
8739222,Probability and Statistics for Engineering and the Sciences,Jay L. DeVore,"DeVore, Jay L.",,"=""0538733527""","=""9780538733526""",0,3.42,Duxbury Resource Center,Hardcover,687,2011,1982,,2014/03/09,tech,tech (#9),read,,,,1,,,0,,,,,,,"Science,Mathematics|15;Reference|7;Textbooks|7;Science,Engineering|5;Academic,School|5;Nonfiction|4;Science|3;Science,Technology|2",https://s.gr-assets.com/assets/nophoto/book/111x148-bcc042a9c91a29c1d680899eff700a03.png
12489227,"Student Solutions Manual for Devore's Probability and Statistics for Engineering and Science, 8th",Jay L. DeVore,"DeVore, Jay L.",,"=""0840065396""","=""9780840065391""",0,3.97,Cengage Learning,Paperback,240,2011,1995,,2014/03/09,,,read,,,,1,,,0,,,,,,,,https://i.gr-assets.com/images/S/compressed.photo.goodreads.com/books/1403166335i/12489227._SX98_.jpg
6752187,Introduction to Algorithms,Thomas H. Cormen,"Cormen, Thomas H.","Charles E. Leiserson, Ronald L. Rivest, Clifford Stein","=""0262033844""","=""9780262033848""",0,4.32,Mit Press,Hardcover,1292,2009,1989,,2014/03/09,,,read,,,,1,,,0,,,,,,,"Science,Computer Science|498;Computer Science,Programming|437;Computer Science,Algorithms|172;Reference|138;Computer Science,Technical|103;Nonfiction|102;Science,Technology|101",https://s.gr-assets.com/assets/nophoto/book/111x148-bcc042a9c91a29c1d680899eff700a03.png
13661633,Structured Computer Organization,Andrew S. Tanenbaum,"Tanenbaum, Andrew S.",Todd Austin,"=""0132916525""","=""9780132916523""",0,3.95,Pearson,Paperback,808,2012,1976,,2014/03/09,,,read,,,,1,,,0,,,,,,,"Science,Computer Science|47;Nonfiction|13;Computer Science,Computers|12;Computer Science,Programming|12;Reference|11;Textbooks|9;Science|7;Science,Technology|6;Computer Science,Technical|5;Computer Science,Software|3",https://i.gr-assets.com/images/S/compressed.photo.goodreads.com/books/1355066767i/13661633._SX98_.jpg
166327,Signals and Systems,Alan V. Oppenheim,"Oppenheim, Alan V.",S. Hamid Nawab,"=""0138147574""","=""9780138147570""",0,3.94,Prentice Hall,Hardcover,1000,1996,1982,,2014/03/09,tech,tech (#8),read,,,,1,,,0,,,,,,,"Textbooks|15;Science,Engineering|14;Reference|8;Computer Science,Technical|7;Engineering,Electrical Engineering|6;Science,Mathematics|6;Nonfiction|6;Academic|4;Computer Science,Programming|2;Science,Technology|2",https://s.gr-assets.com/assets/nophoto/book/111x148-bcc042a9c91a29c1d680899eff700a03.png
228795,Art as a Way: A Return to the Spiritual Roots,Frederick Franck,"Franck, Frederick",,"=""0824500768""","=""9780824500764""",0,4.63,Crossroad Publishing Company,Paperback,147,1981,1981,,2014/03/09,,,read,,,,1,,,0,,,,,,,Art|5;Spirituality|3,https://s.gr-assets.com/assets/nophoto/book/111x148-bcc042a9c91a29c1d680899eff700a03.png
8397916,Seven Years in Tibet,Heinrich Harrer,"Harrer, Heinrich",,"=""""","=""""",0,4.07,,Kindle Edition,362,,1953,,2014/03/09,,,read,,,,1,,,0,,,,,,,"Travel|462;Nonfiction|446;History|215;Biography|188;Autobiography,Memoir|144;Adventure|139",https://s.gr-assets.com/assets/nophoto/book/111x148-bcc042a9c91a29c1d680899eff700a03.png
294368,The Lives of a Cell: Notes of a Biology Watcher,Lewis Thomas,"Thomas, Lewis",,"=""0140047433""","=""9780140047431""",0,4.14,Penguin Books,Paperback,160,1978,1974,,2014/03/08,,,read,,,,1,,,0,,,,,,,"Science|462;Nonfiction|250;Science,Biology|118;Writing,Essays|67;Philosophy|26;Environment,Nature|25",https://s.gr-assets.com/assets/nophoto/book/111x148-bcc042a9c91a29c1d680899eff700a03.png
18490,Frankenstein,Mary Wollstonecraft Shelley,"Shelley, Mary Wollstonecraft","Percy Bysshe Shelley, Maurice Hindle, اکرم شکرزاده","=""0141439475""","=""9780141439471""",4,3.78,Penguin,Paperback,335,2003,1818,,2014/03/08,,,read,,,,1,,,0,,,,,,,Classics|23598;Fiction|8570;Horror|7962;Science Fiction|4187,https://i.gr-assets.com/images/S/compressed.photo.goodreads.com/books/1381512375i/18490._SX98_.jpg
4485966,Talent is Overrated: What Really Separates World-Class Performers from Everybody Else,Geoff Colvin,"Colvin, Geoff",,"=""1591842247""","=""9781591842248""",5,3.96,Portfolio,Hardcover,240,2008,2008,2011/08/03,2014/03/08,self-help,self-help (#2),read,,,,1,,,0,,,,,,",2011-08-03","Nonfiction|368;Business|278;Psychology|200;Self Help|148;Self Help,Personal Development|71;Leadership|71;Science|32;Education|30;Productivity|29;Business,Management|23",https://s.gr-assets.com/assets/nophoto/book/111x148-bcc042a9c91a29c1d680899eff700a03.png
7619266,"Haiti: The God of Tough Places, the Lord of Burnt Men",Richard Frechette,"Frechette, Richard",,"=""1412814200""","=""9781412814201""",3,4.33,Transaction Publishers,Hardcover,124,2010,2010,,2014/03/08,,,read,,,,1,,,0,,,,,,,,https://s.gr-assets.com/assets/nophoto/book/111x148-bcc042a9c91a29c1d680899eff700a03.png
5907,The Hobbit or There and Back Again,J.R.R. Tolkien,"Tolkien, J.R.R.",,"=""0618260307""","=""9780618260300""",0,4.27,Houghton Mifflin,Paperback,366,2002,1937,,2013/01/03,,,read,,,,1,,,0,,,,,,,"Fantasy|46825;Classics|15463;Fiction|13037;Adventure|2911;Young Adult|2479;Science Fiction Fantasy|1706;Fantasy,High Fantasy|1289;Childrens|1174;Fantasy,Epic Fantasy|1108;Novels|1062",https://i.gr-assets.com/images/S/compressed.photo.goodreads.com/books/1546071216i/5907._SX98_.jpg
8045789,"Ender's Game (Ender's Saga, #1)",Orson Scott Card,"Card, Orson Scott",,"=""""","=""""",4,4.30,Tor Books,Kindle Edition,226,2010,1985,,2014/01/28,,,read,,,,1,,,0,,,,,,,Science Fiction|14612;Fiction|7013;Young Adult|4467;Fantasy|2653,https://i.gr-assets.com/images/S/compressed.photo.goodreads.com/books/1452898522i/8045789._SX98_.jpg
15867699,Operating Systems: Principles and Practice,Thomas Anderson,"Anderson, Thomas",Michael Dahlin,"=""0985673516""","=""9780985673512""",4,4.10,Recursive Books,Paperback,674,2012,2012,,2014/01/19,tech,tech (#2),read,,,,1,,,0,,,,,,,"Science,Computer Science|5;Science,Technology|3;Reference|2",https://i.gr-assets.com/images/S/compressed.photo.goodreads.com/books/1355086927i/15867699._SX98_.jpg
9938211,"The 4-Hour Body: An Uncommon Guide to Rapid Fat-Loss, Incredible Sex, and Becoming Superhuman",Timothy Ferriss,"Ferriss, Timothy",,"=""""","=""""",3,3.76,Crown Archetype,Kindle Edition,592,2010,2000,,2014/01/19,,,read,,,,1,,,0,,,,,,,"Health|474;Nonfiction|450;Self Help|204;Sports,Fitness|153",https://i.gr-assets.com/images/S/compressed.photo.goodreads.com/books/1327978560i/9938211._SX98_.jpg
5544,"Surely You're Joking, Mr. Feynman!: Adventures of a Curious Character",Richard P. Feynman,"Feynman, Richard P.",,"=""0393316041""","=""9780393316049""",4,4.28,W. W. Norton & Company,Paperback,391,1997,1985,,2013/01/03,,,read,,,,1,,,0,,,,,,,"Science|2584;Nonfiction|2292;Biography|1712;Science,Physics|568;Autobiography,Memoir|436",https://i.gr-assets.com/images/S/compressed.photo.goodreads.com/books/1348445281i/5544._SX98_.jpg
2479827,"Eragon, Eldest & Brisingr (Inheritance, #1-3)",Christopher Paolini,"Paolini, Christopher",,"=""0375846158""","=""9780375846151""",4,4.21,Knopf Books for Young Readers,Hardcover,1952,2008,2008,,2013/01/03,,,read,,,,1,,,0,,,,,,,"Fantasy|458;Young Adult|87;Fiction|49;Fantasy,Dragons|42;Fantasy,Magic|24",https://s.gr-assets.com/assets/nophoto/book/111x148-bcc042a9c91a29c1d680899eff700a03.png
249747,"Artemis Fowl (Artemis Fowl, #1)",Eoin Colfer,"Colfer, Eoin",,"=""0786817879""","=""9780786817870""",4,3.84,Disney-Hyperion,Paperback,396,2003,2001,,2013/01/03,,,read,,,,1,,,0,,,,,,,Fantasy|8877;Young Adult|3719;Fiction|1910;Childrens|908,https://i.gr-assets.com/images/S/compressed.photo.goodreads.com/books/1327945104i/249747._SY160_.jpg
7985893,"Cooking for Geeks: Real Science, Great Hacks, and Good Food",Jeff Potter,"Potter, Jeff",,"=""0596805888""","=""9780596805883""",5,4.04,O'Reilly Media,Paperback,412,2010,2007,,2013/01/03,,,read,,,,1,,,0,,,,,,,"Food and Drink,Cooking|240;Food and Drink,Food|181;Nonfiction|180;Food and Drink,Cookbooks|151;Science|107;Reference|56",https://i.gr-assets.com/images/S/compressed.photo.goodreads.com/books/1327879176i/7985893._SX98_.jpg
31093,Lila: An Inquiry Into Morals,Robert M. Pirsig,"Pirsig, Robert M.",,"=""0553299611""","=""9780553299618""",5,3.78,Bantam,Paperback,480,1992,1991,,2013/01/03,,,read,,,,1,,,0,,,,,,,"Philosophy|290;Fiction|147;Novels|19;Literature|18;Spirituality|11;Philosophy,Metaphysics|7;Literature,American|7;Psychology|5;Literature,20th Century|4;Travel|3",https://i.gr-assets.com/images/S/compressed.photo.goodreads.com/books/1346459192i/31093._SY160_.jpg
629,Zen and the Art of Motorcycle Maintenance: An Inquiry Into Values,Robert M. Pirsig,"Pirsig, Robert M.",,"=""0060589469""","=""9780060589462""",5,3.77,HarperTorch,Mass Market Paperback,540,2006,1974,,2013/01/03,literature,literature (#6),read,,,,1,,,0,,,,,,,Philosophy|3480;Fiction|1676;Classics|588;Spirituality|368,https://i.gr-assets.com/images/S/compressed.photo.goodreads.com/books/1410136019i/629._SX98_.jpg
154154,Programming Interviews Exposed: Secrets to Landing Your Next Job (Programmer to Programmer),John Mongan,"Mongan, John","Eric Giguere, Noah Suojanen","=""047012167X""","=""9780470121672""",4,3.97,Wrox,Paperback,237,2007,2000,,2013/01/03,tech,tech (#4),read,,,,1,,,0,,,,,,,"Computer Science,Programming|67;Science,Computer Science|29;Science,Technology|19;Nonfiction|16;Computer Science,Technical|12;Reference|12;Computer Science,Software|10",https://s.gr-assets.com/assets/nophoto/book/111x148-bcc042a9c91a29c1d680899eff700a03.png
771,"The Elegant Universe: Superstrings, Hidden Dimensions, and the Quest for the Ultimate Theory",Brian Greene,"Greene, Brian",,"=""0375708111""","=""9780375708114""",5,4.07,Vintage Books USA,Paperback,425,2004,1999,,2013/01/03,,,read,,,,1,,,0,,,,,,,"Science|3450;Nonfiction|1459;Science,Physics|843;Science,Astronomy|136;Science,Popular Science|125",https://s.gr-assets.com/assets/nophoto/book/111x148-bcc042a9c91a29c1d680899eff700a03.png
61619,Hacking: The Art of Exploitation,Jon Erickson,"Erickson, Jon",,"=""1593270070""","=""9781593270070""",4,4.14,No Starch Press,Paperback,241,2004,2003,,2013/01/03,tech,tech (#7),read,,,,1,,,0,,,,,,,"Science,Computer Science|67;Computer Science,Programming|65;Nonfiction|53;Science,Technology|46;Computers,Hackers|46;Computer Science,Computers|27",https://s.gr-assets.com/assets/nophoto/book/111x148-bcc042a9c91a29c1d680899eff700a03.png
6493208,The Immortal Life of Henrietta Lacks,Rebecca Skloot,"Skloot, Rebecca",,"=""1400052173""","=""9781400052172""",3,4.06,Crown Publishing Group,Hardcover,370,2010,2010,,2013/01/03,,,read,,,,1,,,0,,,,,,,"Nonfiction|9605;Science|4114;Biography|2559;History|2527;Health,Medicine|676",https://i.gr-assets.com/images/S/compressed.photo.goodreads.com/books/1327878144i/6493208._SX98_.jpg
10884,Einstein: His Life and Universe,Walter Isaacson,"Isaacson, Walter",,"=""0743264738""","=""9780743264730""",4,4.10,Simon  Schuster,Hardcover,675,2007,2007,,2013/01/03,,,read,,,,1,,,0,,,,,,,"Biography|2394;Nonfiction|1065;Science|842;History|643;Science,Physics|191",https://i.gr-assets.com/images/S/compressed.photo.goodreads.com/books/1328011405i/10884._SX98_.jpg
9484114,The Happiness Advantage: The Seven Principles of Positive Psychology That Fuel Success and Performance at Work,Shawn Achor,"Achor, Shawn",,"=""0307591565""","=""9780307591562""",4,4.17,Crown Business,ebook,272,2010,2010,,2013/01/03,,,read,,,,1,,,0,,,,,,,"Nonfiction|455;Psychology|433;Self Help|315;Business|263;Self Help,Personal Development|142",https://i.gr-assets.com/images/S/compressed.photo.goodreads.com/books/1381289860i/9484114._SX98_.jpg
